A101,asd,zxc,XL,22/11/2020,09:10:42,file:///Users/nirattasai/IdeaProjects/6210407455/images/Letter/A101_Letter_2020-11-22_09:10:41.187.jpg,a,a,22/11/2020,09:39:11,asdasd
A102,asd,qwe,L,22/11/2020,09:22:23,file:///Users/nirattasai/IdeaProjects/6210407455/images/Letter/A102_Letter_2020-11-22_09:22:22.931.jpg,a,a,22/11/2020,23:43:27,asdasd
A201,f,g,S,23/11/2020,00:44:10,file:///Users/nirattasai/IdeaProjects/6210407455/images/Letter/A201_Letter_2020-11-23_00:44:08.447.jpg,staff,staff,23/11/2020,00:48:28,g
A102,qqq,qqq,XL,22/11/2020,23:45:08,file:///Users/nirattasai/IdeaProjects/6210407455/images/Letter/A102_Letter_2020-11-22_23:45:07.342.jpg,a,staff,23/11/2020,00:49:14,xxx
A102,zzz,xxx,XL,22/11/2020,23:44:14,file:///Users/nirattasai/IdeaProjects/6210407455/images/Letter/A102_Letter_2020-11-22_23:44:13.772.jpg,a,staff,23/11/2020,00:49:14,xxx
A102,asd,a,XL,22/11/2020,23:43:47,file:///Users/nirattasai/IdeaProjects/6210407455/images/Letter/A102_Letter_2020-11-22_23:43:45.941.jpg,a,staff,23/11/2020,00:49:14,xxx
A103,d,f,S,23/11/2020,00:45:19,file:///Users/nirattasai/IdeaProjects/6210407455/images/Letter/A103_Letter_2020-11-23_00:45:17.863.jpg,staff,c,02/12/2020,17:43:59,asd
A101,z,x,L,23/11/2020,00:48:13,file:///Users/nirattasai/IdeaProjects/6210407455/images/Letter/A101_Letter_2020-11-23_00:48:11.908.jpg,staff,c,02/12/2020,17:53:47,asd
A101,z,x,L,23/11/2020,00:48:13,file:///Users/nirattasai/IdeaProjects/6210407455/images/Letter/A101_Letter_2020-11-23_00:48:11.908.jpg,staff,c,02/12/2020,17:53:47,asd
A101,z,x,L,23/11/2020,00:48:13,file:///Users/nirattasai/IdeaProjects/6210407455/images/Letter/A101_Letter_2020-11-23_00:48:11.908.jpg,staff,c,02/12/2020,17:53:47,asd
A202,v,c,L,23/11/2020,00:44:41,file:///Users/nirattasai/IdeaProjects/6210407455/images/Letter/A202_Letter_2020-11-23_00:44:40.150.jpg,staff,c,02/12/2020,17:53:59,zxc
B201,q,w,S,23/11/2020,00:46:17,file:///Users/nirattasai/IdeaProjects/6210407455/images/Letter/B201_Letter_2020-11-23_00:46:16.992.jpg,staff,c,02/12/2020,17:54:08,bbb
A103,d,f,S,23/11/2020,00:45:19,file:///Users/nirattasai/IdeaProjects/6210407455/images/Letter/A103_Letter_2020-11-23_00:45:17.863.jpg,staff,staff,02/12/2020,22:40:18,zxc
A201,f,g,S,23/11/2020,00:44:10,file:///Users/nirattasai/IdeaProjects/6210407455/images/Letter/A201_Letter_2020-11-23_00:44:08.447.jpg,staff,staff,02/12/2020,22:40:25,zxc
B201,q,w,S,23/11/2020,00:46:17,file:///Users/nirattasai/IdeaProjects/6210407455/images/Letter/B201_Letter_2020-11-23_00:46:16.992.jpg,staff,staff,02/12/2020,22:40:56,c
